index,D_0__Archaea;D_1__Euryarchaeota,D_0__Bacteria;D_1__Acidobacteria,D_0__Bacteria;D_1__Actinobacteria,D_0__Bacteria;D_1__Armatimonadetes,D_0__Bacteria;D_1__Bacteroidetes,D_0__Bacteria;D_1__Chloroflexi,D_0__Bacteria;D_1__Cyanobacteria,D_0__Bacteria;D_1__Deferribacteres,D_0__Bacteria;D_1__Deinococcus-Thermus,D_0__Bacteria;D_1__Elusimicrobia,D_0__Bacteria;D_1__Entotheonellaeota,D_0__Bacteria;D_1__Epsilonbacteraeota,D_0__Bacteria;D_1__Firmicutes,D_0__Bacteria;D_1__Fusobacteria,D_0__Bacteria;D_1__Gemmatimonadetes,D_0__Bacteria;D_1__Lentisphaerae,D_0__Bacteria;D_1__Nitrospirae,D_0__Bacteria;D_1__Omnitrophicaeota,D_0__Bacteria;D_1__Patescibacteria,D_0__Bacteria;D_1__Planctomycetes,D_0__Bacteria;D_1__Proteobacteria,D_0__Bacteria;D_1__Rokubacteria,D_0__Bacteria;D_1__Tenericutes,D_0__Bacteria;D_1__Verrucomicrobia,D_0__Bacteria;D_1__Zixibacteria,Group1,Group2
D01E01C,0.0,0.0,0.0,0.0,0.0,0.0,0.0,0.0,0.0,0.0,0.0,0.0,9346.0,0.0,0.0,0.0,0.0,0.0,0.0,0.0,36891.0,0.0,0.0,0.0,0.0,Cecum,D01C
D01E01D,0.0,0.0,49.0,0.0,9.0,0.0,0.0,0.0,0.0,0.0,0.0,0.0,21500.0,0.0,0.0,0.0,0.0,0.0,0.0,0.0,28224.0,0.0,0.0,0.0,0.0,Duodenum,D01D
D01E01I,0.0,0.0,0.0,0.0,77.0,0.0,0.0,0.0,0.0,0.0,0.0,0.0,60769.0,0.0,0.0,0.0,0.0,0.0,0.0,0.0,16968.0,0.0,0.0,0.0,0.0,Ileum,D01I
D01E01J,0.0,0.0,0.0,0.0,0.0,0.0,0.0,0.0,0.0,0.0,0.0,0.0,51820.0,0.0,0.0,0.0,0.0,0.0,0.0,0.0,31864.0,0.0,0.0,0.0,0.0,Jejunum,D01J
D01E02C,0.0,0.0,0.0,0.0,0.0,0.0,0.0,0.0,0.0,0.0,0.0,0.0,4719.0,0.0,0.0,0.0,0.0,0.0,0.0,0.0,63951.0,0.0,0.0,0.0,0.0,Cecum,D01C
D01E02D,0.0,0.0,109.0,0.0,0.0,0.0,0.0,0.0,0.0,0.0,0.0,0.0,11807.0,0.0,0.0,0.0,0.0,0.0,0.0,0.0,20291.0,0.0,0.0,0.0,0.0,Duodenum,D01D
D01E02I,0.0,0.0,0.0,0.0,0.0,0.0,0.0,0.0,0.0,0.0,0.0,0.0,20752.0,0.0,0.0,0.0,0.0,0.0,0.0,0.0,28493.0,0.0,0.0,0.0,0.0,Ileum,D01I
D01E02J,0.0,0.0,0.0,0.0,0.0,0.0,0.0,0.0,0.0,0.0,0.0,0.0,24944.0,0.0,0.0,0.0,0.0,0.0,0.0,0.0,13363.0,0.0,0.0,0.0,0.0,Jejunum,D01J
D01E03C,0.0,0.0,0.0,0.0,0.0,0.0,0.0,0.0,0.0,0.0,0.0,0.0,22607.0,0.0,0.0,0.0,0.0,0.0,0.0,0.0,47228.0,0.0,0.0,0.0,0.0,Cecum,D01C
D01E03D,0.0,0.0,95.0,0.0,13.0,0.0,0.0,0.0,0.0,0.0,0.0,0.0,55626.0,0.0,0.0,0.0,0.0,0.0,0.0,0.0,33939.0,0.0,0.0,12.0,0.0,Duodenum,D01D
D01E03I,0.0,0.0,0.0,0.0,0.0,0.0,0.0,0.0,0.0,0.0,0.0,0.0,69040.0,0.0,0.0,0.0,0.0,0.0,0.0,0.0,2428.0,0.0,0.0,0.0,0.0,Ileum,D01I
D01E03J,0.0,0.0,0.0,0.0,0.0,0.0,0.0,0.0,0.0,0.0,0.0,0.0,16441.0,0.0,0.0,0.0,0.0,0.0,0.0,0.0,5876.0,0.0,0.0,0.0,0.0,Jejunum,D01J
D01E04C,0.0,0.0,0.0,0.0,0.0,0.0,0.0,0.0,0.0,0.0,0.0,0.0,19233.0,0.0,0.0,0.0,0.0,0.0,0.0,0.0,50911.0,0.0,0.0,0.0,0.0,Cecum,D01C
D01E04D,0.0,0.0,37.0,0.0,6.0,0.0,0.0,0.0,0.0,0.0,0.0,0.0,46366.0,0.0,0.0,0.0,0.0,0.0,0.0,0.0,26666.0,0.0,0.0,0.0,0.0,Duodenum,D01D
D01E04I,0.0,0.0,0.0,0.0,0.0,0.0,0.0,0.0,0.0,0.0,0.0,0.0,43505.0,0.0,0.0,0.0,0.0,0.0,0.0,0.0,7766.0,0.0,0.0,0.0,0.0,Ileum,D01I
D01E04J,0.0,0.0,0.0,0.0,0.0,0.0,0.0,0.0,0.0,0.0,0.0,0.0,53749.0,0.0,0.0,0.0,0.0,0.0,0.0,0.0,4268.0,0.0,0.0,0.0,0.0,Jejunum,D01J
D01E05C,0.0,0.0,0.0,0.0,0.0,0.0,0.0,0.0,0.0,0.0,0.0,0.0,14115.0,0.0,0.0,0.0,0.0,0.0,0.0,0.0,75063.0,0.0,0.0,0.0,0.0,Cecum,D01C
D01E05D,0.0,0.0,132.0,0.0,97.0,0.0,0.0,0.0,0.0,0.0,0.0,17.0,4697.0,0.0,0.0,0.0,0.0,0.0,0.0,0.0,63323.0,0.0,0.0,37.0,0.0,Duodenum,D01D
D01E05I,0.0,0.0,0.0,0.0,8.0,0.0,0.0,0.0,0.0,0.0,0.0,0.0,25213.0,0.0,0.0,0.0,0.0,0.0,0.0,0.0,25054.0,0.0,0.0,0.0,0.0,Ileum,D01I
D01E05J,0.0,0.0,0.0,0.0,0.0,0.0,0.0,0.0,0.0,0.0,0.0,0.0,16862.0,0.0,0.0,0.0,0.0,0.0,0.0,0.0,55027.0,0.0,0.0,0.0,0.0,Jejunum,D01J
D01E06C,0.0,0.0,0.0,0.0,0.0,0.0,0.0,0.0,0.0,0.0,0.0,0.0,39995.0,0.0,0.0,0.0,0.0,0.0,0.0,0.0,26121.0,0.0,0.0,0.0,0.0,Cecum,D01C
D01E06D,0.0,0.0,22.0,0.0,2193.0,0.0,0.0,0.0,0.0,0.0,0.0,0.0,11126.0,0.0,0.0,0.0,0.0,0.0,0.0,0.0,3445.0,0.0,0.0,0.0,0.0,Duodenum,D01D
D01E06I,0.0,0.0,0.0,0.0,20.0,0.0,0.0,0.0,0.0,0.0,0.0,0.0,228226.0,0.0,0.0,0.0,0.0,0.0,0.0,0.0,60272.0,0.0,0.0,0.0,0.0,Ileum,D01I
D01E06J,0.0,0.0,0.0,0.0,0.0,0.0,0.0,0.0,0.0,0.0,0.0,0.0,44128.0,0.0,0.0,0.0,0.0,0.0,0.0,0.0,15833.0,0.0,0.0,0.0,0.0,Jejunum,D01J
D01E07C,0.0,0.0,0.0,0.0,0.0,0.0,0.0,0.0,0.0,0.0,0.0,0.0,11405.0,0.0,0.0,0.0,0.0,0.0,0.0,0.0,42617.0,0.0,0.0,0.0,0.0,Cecum,D01C
D01E07D,0.0,0.0,0.0,0.0,18.0,0.0,0.0,0.0,0.0,0.0,0.0,0.0,25921.0,0.0,0.0,0.0,0.0,0.0,0.0,0.0,24767.0,0.0,0.0,0.0,0.0,Duodenum,D01D
D01E07I,0.0,0.0,0.0,0.0,0.0,0.0,0.0,0.0,0.0,0.0,0.0,0.0,26830.0,0.0,0.0,0.0,0.0,0.0,0.0,0.0,18493.0,0.0,0.0,0.0,0.0,Ileum,D01I
D01E07J,0.0,0.0,0.0,0.0,0.0,0.0,0.0,0.0,0.0,0.0,0.0,0.0,56326.0,0.0,0.0,0.0,0.0,0.0,0.0,0.0,28917.0,0.0,0.0,0.0,0.0,Jejunum,D01J
D01E08C,0.0,0.0,0.0,0.0,13.0,0.0,0.0,0.0,0.0,0.0,0.0,0.0,95984.0,0.0,0.0,0.0,0.0,0.0,0.0,0.0,56432.0,0.0,0.0,0.0,0.0,Cecum,D01C
D01E08D,0.0,0.0,37.0,0.0,0.0,0.0,0.0,0.0,0.0,0.0,0.0,0.0,12873.0,0.0,0.0,0.0,0.0,0.0,0.0,0.0,17048.0,0.0,0.0,0.0,0.0,Duodenum,D01D
D01E08I,0.0,0.0,67.0,0.0,202.0,0.0,0.0,0.0,0.0,0.0,0.0,0.0,198430.0,0.0,0.0,0.0,0.0,0.0,0.0,0.0,43725.0,0.0,0.0,0.0,0.0,Ileum,D01I
D01E08J,0.0,0.0,0.0,0.0,0.0,0.0,0.0,0.0,0.0,0.0,0.0,0.0,56423.0,0.0,0.0,0.0,0.0,0.0,0.0,0.0,13524.0,0.0,0.0,0.0,0.0,Jejunum,D01J
D01E09C,0.0,0.0,0.0,0.0,0.0,0.0,0.0,0.0,0.0,0.0,0.0,0.0,14333.0,0.0,0.0,0.0,0.0,0.0,0.0,0.0,22950.0,0.0,0.0,0.0,0.0,Cecum,D01C
D01E09D,0.0,0.0,172.0,0.0,97.0,0.0,0.0,0.0,0.0,0.0,0.0,9.0,27988.0,0.0,0.0,0.0,0.0,0.0,0.0,0.0,15620.0,0.0,0.0,0.0,0.0,Duodenum,D01D
D01E09I,0.0,0.0,0.0,0.0,0.0,0.0,0.0,0.0,0.0,0.0,0.0,0.0,78408.0,0.0,0.0,0.0,0.0,0.0,0.0,0.0,15057.0,0.0,0.0,0.0,0.0,Ileum,D01I
D01E09J,0.0,0.0,11.0,0.0,0.0,0.0,0.0,0.0,0.0,0.0,0.0,0.0,66884.0,0.0,0.0,0.0,0.0,0.0,0.0,0.0,25877.0,0.0,0.0,0.0,0.0,Jejunum,D01J
D01E10C,0.0,0.0,0.0,0.0,0.0,0.0,0.0,0.0,0.0,0.0,0.0,0.0,15425.0,0.0,0.0,0.0,0.0,0.0,0.0,0.0,54729.0,0.0,0.0,0.0,0.0,Cecum,D01C
D01E10D,0.0,0.0,43.0,0.0,64.0,0.0,0.0,0.0,0.0,0.0,0.0,0.0,28212.0,0.0,0.0,0.0,0.0,0.0,0.0,0.0,19844.0,0.0,0.0,0.0,0.0,Duodenum,D01D
D01E10I,0.0,0.0,0.0,0.0,0.0,0.0,0.0,0.0,0.0,0.0,0.0,0.0,44492.0,0.0,0.0,0.0,0.0,0.0,0.0,0.0,2441.0,0.0,0.0,0.0,0.0,Ileum,D01I
D01E10J,0.0,0.0,0.0,0.0,0.0,0.0,0.0,0.0,0.0,0.0,0.0,0.0,42990.0,0.0,0.0,0.0,0.0,0.0,0.0,0.0,13450.0,0.0,0.0,0.0,0.0,Jejunum,D01J
D04E01C,0.0,0.0,82.0,0.0,150.0,0.0,0.0,0.0,0.0,0.0,0.0,0.0,95479.0,0.0,0.0,0.0,0.0,0.0,0.0,0.0,7998.0,0.0,4.0,0.0,0.0,Cecum,D04C
D04E01D,0.0,24.0,282.0,0.0,2978.0,0.0,0.0,30.0,9.0,0.0,0.0,115.0,162096.0,13.0,32.0,0.0,85.0,0.0,0.0,0.0,2319.0,0.0,9.0,37.0,0.0,Duodenum,D04D
D04E01I,0.0,0.0,0.0,0.0,26.0,0.0,0.0,0.0,0.0,0.0,0.0,149.0,111428.0,0.0,0.0,0.0,0.0,0.0,0.0,0.0,61.0,0.0,0.0,0.0,0.0,Ileum,D04I
D04E01J,0.0,0.0,11.0,0.0,1967.0,0.0,21.0,0.0,2.0,0.0,0.0,216.0,106338.0,0.0,3.0,0.0,0.0,0.0,0.0,0.0,1314.0,0.0,0.0,5.0,0.0,Jejunum,D04J
D04E02C,0.0,0.0,65.0,0.0,86.0,0.0,0.0,0.0,0.0,0.0,0.0,0.0,107582.0,0.0,0.0,0.0,0.0,0.0,0.0,0.0,2647.0,0.0,0.0,6.0,0.0,Cecum,D04C
D04E02D,0.0,0.0,484.0,0.0,3228.0,28.0,0.0,0.0,47.0,0.0,0.0,146.0,82033.0,157.0,64.0,0.0,113.0,0.0,0.0,0.0,5173.0,0.0,0.0,148.0,0.0,Duodenum,D04D
D04E02I,0.0,0.0,4.0,0.0,375.0,0.0,0.0,0.0,0.0,0.0,0.0,186.0,131905.0,0.0,0.0,0.0,0.0,0.0,0.0,0.0,76.0,0.0,0.0,5.0,0.0,Ileum,D04I
D04E02J,0.0,0.0,257.0,0.0,2782.0,0.0,0.0,0.0,215.0,0.0,0.0,195.0,64738.0,0.0,0.0,0.0,0.0,0.0,0.0,0.0,2748.0,0.0,0.0,57.0,0.0,Jejunum,D04J
D04E03C,0.0,0.0,46.0,0.0,133.0,0.0,0.0,0.0,0.0,0.0,0.0,0.0,108770.0,0.0,0.0,0.0,0.0,0.0,0.0,0.0,21201.0,0.0,8.0,0.0,0.0,Cecum,D04C
D04E03D,19.0,21.0,389.0,0.0,2065.0,0.0,0.0,0.0,0.0,0.0,0.0,190.0,94140.0,105.0,42.0,0.0,19.0,0.0,0.0,26.0,4737.0,0.0,17.0,187.0,0.0,Duodenum,D04D
D04E03I,0.0,0.0,0.0,0.0,192.0,0.0,0.0,0.0,0.0,0.0,0.0,51.0,128657.0,0.0,0.0,0.0,0.0,0.0,0.0,0.0,94.0,0.0,0.0,0.0,0.0,Ileum,D04I
D04E03J,0.0,0.0,63.0,0.0,3013.0,0.0,4.0,0.0,0.0,0.0,0.0,187.0,92459.0,0.0,0.0,0.0,0.0,0.0,0.0,0.0,255.0,0.0,0.0,0.0,0.0,Jejunum,D04J
D04E04C,0.0,0.0,28.0,0.0,169.0,0.0,0.0,0.0,0.0,0.0,0.0,0.0,81026.0,0.0,0.0,0.0,0.0,0.0,0.0,0.0,13583.0,0.0,4.0,0.0,0.0,Cecum,D04C
D04E04D,23.0,0.0,761.0,0.0,4044.0,0.0,0.0,0.0,0.0,0.0,0.0,114.0,88474.0,207.0,123.0,0.0,391.0,0.0,0.0,67.0,4749.0,55.0,0.0,146.0,0.0,Duodenum,D04D
D04E04I,0.0,0.0,13.0,0.0,185.0,0.0,0.0,0.0,0.0,0.0,0.0,92.0,116400.0,0.0,0.0,0.0,0.0,0.0,0.0,0.0,51.0,0.0,0.0,0.0,0.0,Ileum,D04I
D04E04J,0.0,0.0,26.0,0.0,1204.0,0.0,5.0,0.0,0.0,0.0,0.0,122.0,94186.0,0.0,0.0,0.0,0.0,0.0,0.0,0.0,120.0,0.0,0.0,4.0,0.0,Jejunum,D04J
D04E05C,0.0,0.0,66.0,0.0,229.0,0.0,0.0,0.0,0.0,0.0,0.0,0.0,91289.0,0.0,0.0,0.0,0.0,0.0,0.0,0.0,17149.0,0.0,25.0,6.0,0.0,Cecum,D04C
D04E05D,0.0,0.0,264.0,0.0,2880.0,0.0,0.0,23.0,0.0,0.0,0.0,119.0,123652.0,65.0,64.0,0.0,356.0,0.0,0.0,0.0,3891.0,41.0,0.0,199.0,0.0,Duodenum,D04D
D04E05I,0.0,0.0,7.0,0.0,227.0,0.0,0.0,0.0,0.0,0.0,0.0,85.0,110242.0,0.0,0.0,0.0,0.0,0.0,0.0,0.0,87.0,0.0,0.0,0.0,0.0,Ileum,D04I
D04E05J,0.0,0.0,30.0,0.0,975.0,0.0,0.0,0.0,0.0,0.0,0.0,91.0,80806.0,0.0,5.0,0.0,0.0,0.0,0.0,0.0,118.0,0.0,0.0,0.0,0.0,Jejunum,D04J
D04E06C,0.0,0.0,18.0,0.0,159.0,0.0,0.0,0.0,0.0,0.0,0.0,7.0,83566.0,0.0,0.0,0.0,0.0,0.0,0.0,0.0,7186.0,0.0,4617.0,0.0,0.0,Cecum,D04C
D04E06D,0.0,0.0,175.0,11.0,1305.0,0.0,0.0,0.0,0.0,0.0,0.0,63.0,123079.0,48.0,18.0,0.0,103.0,0.0,0.0,11.0,1746.0,0.0,0.0,45.0,0.0,Duodenum,D04D
D04E06I,0.0,0.0,46.0,0.0,82.0,0.0,0.0,0.0,0.0,0.0,0.0,59.0,138705.0,0.0,0.0,0.0,0.0,0.0,0.0,0.0,113.0,0.0,0.0,0.0,0.0,Ileum,D04I
D04E06J,0.0,0.0,41.0,0.0,1096.0,0.0,0.0,0.0,0.0,0.0,0.0,113.0,159080.0,0.0,0.0,0.0,0.0,0.0,0.0,0.0,92.0,0.0,0.0,0.0,0.0,Jejunum,D04J
D04E07C,0.0,0.0,32.0,0.0,147.0,0.0,0.0,0.0,0.0,0.0,0.0,15.0,88867.0,0.0,0.0,0.0,0.0,0.0,0.0,0.0,6775.0,0.0,24.0,0.0,0.0,Cecum,D04C
D04E07D,0.0,0.0,248.0,0.0,1774.0,10.0,0.0,0.0,0.0,0.0,0.0,179.0,127188.0,24.0,0.0,0.0,15.0,0.0,12.0,9.0,2076.0,0.0,234.0,80.0,0.0,Duodenum,D04D
D04E07I,0.0,0.0,10.0,0.0,129.0,0.0,0.0,0.0,0.0,0.0,0.0,156.0,144950.0,0.0,0.0,0.0,0.0,0.0,0.0,0.0,15.0,0.0,0.0,0.0,0.0,Ileum,D04I
D04E07J,0.0,0.0,6.0,0.0,1019.0,0.0,8.0,0.0,0.0,0.0,0.0,166.0,99626.0,0.0,0.0,0.0,0.0,0.0,0.0,0.0,72.0,0.0,0.0,0.0,0.0,Jejunum,D04J
D04E08C,0.0,0.0,47.0,0.0,97.0,0.0,0.0,0.0,0.0,0.0,0.0,12.0,78973.0,0.0,0.0,0.0,0.0,0.0,0.0,0.0,23764.0,0.0,4.0,0.0,0.0,Cecum,D04C
D04E08D,0.0,20.0,302.0,0.0,2032.0,0.0,0.0,20.0,0.0,0.0,0.0,160.0,94733.0,98.0,0.0,0.0,133.0,0.0,0.0,32.0,3025.0,0.0,81.0,72.0,0.0,Duodenum,D04D
D04E08I,0.0,0.0,5.0,0.0,2412.0,0.0,13.0,0.0,0.0,0.0,0.0,188.0,102987.0,0.0,0.0,0.0,0.0,0.0,0.0,0.0,118.0,0.0,0.0,0.0,0.0,Ileum,D04I
D04E08J,0.0,0.0,7.0,0.0,1564.0,0.0,0.0,0.0,0.0,0.0,0.0,119.0,70683.0,0.0,0.0,0.0,0.0,0.0,0.0,0.0,165.0,0.0,0.0,0.0,0.0,Jejunum,D04J
D04E09C,0.0,0.0,61.0,0.0,137.0,0.0,0.0,0.0,0.0,0.0,0.0,25.0,87031.0,36.0,0.0,0.0,0.0,0.0,0.0,0.0,12473.0,0.0,0.0,0.0,0.0,Cecum,D04C
D04E09D,16.0,10.0,322.0,0.0,1328.0,0.0,0.0,0.0,0.0,0.0,0.0,303.0,97930.0,87.0,0.0,0.0,170.0,0.0,13.0,14.0,1598.0,0.0,5.0,109.0,0.0,Duodenum,D04D
D04E09I,0.0,0.0,0.0,0.0,21.0,0.0,0.0,0.0,0.0,0.0,0.0,68.0,110426.0,0.0,0.0,0.0,0.0,0.0,0.0,0.0,14.0,0.0,0.0,3.0,0.0,Ileum,D04I
D04E09J,0.0,0.0,2.0,0.0,996.0,0.0,5.0,0.0,0.0,0.0,0.0,112.0,80977.0,0.0,0.0,0.0,0.0,0.0,0.0,0.0,72.0,0.0,0.0,5.0,0.0,Jejunum,D04J
D04E10C,0.0,0.0,5.0,0.0,151.0,0.0,0.0,0.0,0.0,0.0,0.0,0.0,95499.0,13.0,0.0,0.0,0.0,0.0,0.0,0.0,12703.0,0.0,450.0,0.0,0.0,Cecum,D04C
D04E10D,0.0,0.0,762.0,0.0,2663.0,46.0,0.0,5.0,0.0,0.0,0.0,190.0,132996.0,46.0,21.0,0.0,257.0,0.0,0.0,0.0,3486.0,0.0,13.0,171.0,0.0,Duodenum,D04D
D04E10I,0.0,0.0,19.0,0.0,1174.0,0.0,19.0,0.0,0.0,0.0,0.0,113.0,111257.0,0.0,0.0,0.0,0.0,0.0,0.0,0.0,151.0,0.0,0.0,9.0,0.0,Ileum,D04I
D04E10J,0.0,0.0,6.0,0.0,2604.0,0.0,7.0,0.0,0.0,0.0,0.0,167.0,91273.0,0.0,0.0,0.0,0.0,0.0,0.0,0.0,250.0,0.0,4.0,0.0,0.0,Jejunum,D04J
D07E01C,0.0,0.0,130.0,0.0,210.0,0.0,0.0,0.0,0.0,0.0,0.0,15.0,125389.0,0.0,0.0,0.0,0.0,0.0,0.0,0.0,838.0,0.0,5132.0,0.0,0.0,Cecum,D07C
D07E01D,0.0,0.0,522.0,0.0,1792.0,21.0,0.0,18.0,0.0,0.0,0.0,103.0,114814.0,133.0,31.0,0.0,257.0,0.0,0.0,77.0,2599.0,18.0,898.0,128.0,0.0,Duodenum,D07D
D07E01I,0.0,0.0,401.0,0.0,327.0,0.0,0.0,0.0,0.0,0.0,0.0,48.0,264181.0,0.0,0.0,0.0,0.0,0.0,0.0,0.0,109.0,0.0,36.0,0.0,0.0,Ileum,D07I
D07E01J,0.0,0.0,158.0,0.0,2715.0,0.0,16.0,0.0,0.0,0.0,0.0,208.0,173567.0,0.0,0.0,0.0,0.0,0.0,0.0,0.0,388.0,0.0,0.0,0.0,0.0,Jejunum,D07J
D07E02C,0.0,0.0,258.0,0.0,149.0,0.0,0.0,0.0,0.0,0.0,0.0,12.0,111594.0,0.0,0.0,0.0,0.0,0.0,0.0,0.0,660.0,0.0,120.0,0.0,0.0,Cecum,D07C
D07E02D,72.0,11.0,368.0,0.0,2488.0,11.0,0.0,0.0,9.0,0.0,0.0,101.0,52666.0,101.0,0.0,0.0,0.0,0.0,0.0,12.0,3260.0,0.0,28.0,85.0,0.0,Duodenum,D07D
D07E02I,0.0,0.0,206.0,0.0,182.0,0.0,0.0,0.0,0.0,0.0,0.0,48.0,148595.0,0.0,0.0,0.0,0.0,0.0,0.0,0.0,144.0,0.0,0.0,0.0,0.0,Ileum,D07I
D07E02J,0.0,0.0,26.0,0.0,2443.0,0.0,12.0,0.0,0.0,0.0,0.0,154.0,109624.0,7.0,0.0,0.0,0.0,0.0,0.0,0.0,291.0,0.0,0.0,25.0,0.0,Jejunum,D07J
D07E03C,0.0,0.0,101.0,0.0,81.0,0.0,0.0,0.0,0.0,0.0,0.0,0.0,120131.0,13.0,0.0,0.0,0.0,0.0,0.0,0.0,691.0,0.0,123.0,0.0,0.0,Cecum,D07C
D07E03D,0.0,0.0,126.0,0.0,827.0,0.0,0.0,0.0,0.0,0.0,0.0,59.0,77998.0,18.0,7.0,0.0,0.0,0.0,0.0,11.0,1362.0,21.0,0.0,19.0,0.0,Duodenum,D07D
D07E03I,0.0,0.0,418.0,0.0,285.0,0.0,0.0,0.0,0.0,0.0,0.0,115.0,100938.0,0.0,0.0,0.0,0.0,0.0,0.0,0.0,490.0,0.0,0.0,0.0,0.0,Ileum,D07I
D07E03J,0.0,0.0,70.0,0.0,1230.0,0.0,6.0,0.0,0.0,0.0,0.0,124.0,117464.0,0.0,0.0,0.0,0.0,0.0,0.0,0.0,199.0,0.0,0.0,0.0,0.0,Jejunum,D07J
D07E04C,0.0,0.0,1067.0,0.0,95.0,0.0,0.0,0.0,0.0,0.0,0.0,0.0,110586.0,17.0,0.0,0.0,0.0,0.0,0.0,0.0,1067.0,0.0,5.0,0.0,0.0,Cecum,D07C
D07E04D,0.0,0.0,118.0,0.0,717.0,0.0,0.0,0.0,0.0,0.0,0.0,65.0,115746.0,46.0,22.0,0.0,83.0,0.0,0.0,29.0,1068.0,0.0,0.0,12.0,0.0,Duodenum,D07D
D07E04I,0.0,0.0,51.0,0.0,239.0,0.0,8.0,0.0,0.0,0.0,0.0,66.0,111363.0,0.0,0.0,0.0,0.0,0.0,0.0,0.0,46.0,0.0,0.0,9.0,0.0,Ileum,D07I
D07E04J,0.0,0.0,43.0,0.0,472.0,0.0,0.0,0.0,0.0,0.0,0.0,33.0,103283.0,0.0,0.0,0.0,0.0,0.0,0.0,0.0,157.0,0.0,0.0,0.0,0.0,Jejunum,D07J
D07E05C,0.0,0.0,689.0,0.0,325.0,0.0,0.0,0.0,0.0,0.0,0.0,0.0,125268.0,57.0,0.0,0.0,0.0,0.0,0.0,0.0,1475.0,0.0,7103.0,2.0,0.0,Cecum,D07C
D07E05D,0.0,17.0,162.0,0.0,893.0,0.0,0.0,0.0,0.0,0.0,0.0,69.0,109758.0,52.0,54.0,0.0,61.0,0.0,0.0,8.0,1431.0,0.0,17.0,26.0,0.0,Duodenum,D07D
D07E05I,0.0,0.0,72.0,0.0,2921.0,0.0,18.0,0.0,0.0,0.0,0.0,266.0,100324.0,10.0,0.0,0.0,0.0,0.0,0.0,0.0,849.0,0.0,448.0,17.0,0.0,Ileum,D07I
D07E05J,0.0,0.0,19.0,0.0,1425.0,0.0,0.0,0.0,0.0,0.0,0.0,64.0,102511.0,0.0,0.0,0.0,0.0,0.0,0.0,0.0,129.0,0.0,0.0,0.0,0.0,Jejunum,D07J
D07E06C,0.0,0.0,137.0,0.0,364.0,0.0,0.0,0.0,0.0,0.0,0.0,7.0,113412.0,0.0,0.0,0.0,0.0,0.0,0.0,0.0,1073.0,0.0,7936.0,0.0,0.0,Cecum,D07C
D07E06D,0.0,0.0,253.0,0.0,1922.0,0.0,0.0,0.0,0.0,22.0,11.0,243.0,142290.0,56.0,16.0,0.0,158.0,0.0,6.0,44.0,2825.0,0.0,0.0,64.0,0.0,Duodenum,D07D
D07E06I,0.0,8.0,88.0,0.0,169.0,0.0,0.0,0.0,0.0,0.0,0.0,35.0,105672.0,0.0,0.0,0.0,0.0,0.0,0.0,0.0,50.0,0.0,0.0,0.0,0.0,Ileum,D07I
D07E06J,0.0,0.0,26.0,0.0,875.0,0.0,0.0,0.0,0.0,0.0,0.0,51.0,129009.0,0.0,0.0,0.0,0.0,0.0,0.0,0.0,61.0,0.0,0.0,0.0,0.0,Jejunum,D07J
D07E07C,0.0,0.0,268.0,0.0,41408.0,0.0,973.0,0.0,0.0,0.0,0.0,4245.0,206029.0,0.0,0.0,12.0,0.0,0.0,0.0,0.0,10671.0,0.0,2249.0,1531.0,0.0,Cecum,D07C
D07E07D,0.0,7.0,264.0,0.0,1135.0,0.0,0.0,0.0,7.0,0.0,8.0,34.0,94064.0,19.0,0.0,0.0,76.0,0.0,0.0,3.0,1508.0,11.0,26.0,41.0,0.0,Duodenum,D07D
D07E07I,0.0,0.0,29.0,0.0,376.0,0.0,0.0,0.0,0.0,0.0,0.0,108.0,125854.0,0.0,0.0,0.0,0.0,0.0,0.0,0.0,49.0,0.0,6.0,0.0,0.0,Ileum,D07I
D07E07J,0.0,0.0,13.0,0.0,2359.0,0.0,12.0,0.0,0.0,0.0,0.0,207.0,86722.0,0.0,0.0,0.0,10.0,0.0,0.0,0.0,223.0,0.0,0.0,0.0,0.0,Jejunum,D07J
D07E08C,0.0,0.0,558.0,0.0,74.0,0.0,0.0,0.0,0.0,0.0,0.0,5.0,113314.0,10.0,0.0,0.0,0.0,0.0,0.0,0.0,2706.0,0.0,1688.0,0.0,0.0,Cecum,D07C
D07E08D,0.0,0.0,166.0,0.0,610.0,0.0,0.0,7.0,0.0,0.0,0.0,64.0,123984.0,38.0,0.0,0.0,40.0,0.0,0.0,0.0,869.0,0.0,0.0,52.0,0.0,Duodenum,D07D
D07E08I,0.0,0.0,0.0,0.0,52.0,0.0,0.0,0.0,0.0,0.0,0.0,27.0,111257.0,0.0,0.0,0.0,0.0,0.0,0.0,0.0,25.0,0.0,0.0,0.0,0.0,Ileum,D07I
D07E08J,0.0,0.0,60.0,0.0,755.0,0.0,0.0,0.0,0.0,0.0,0.0,42.0,101107.0,10.0,0.0,0.0,0.0,0.0,0.0,0.0,70.0,0.0,0.0,0.0,0.0,Jejunum,D07J
D07E09C,0.0,0.0,264.0,0.0,660.0,0.0,0.0,0.0,0.0,0.0,0.0,268.0,110355.0,0.0,0.0,0.0,0.0,0.0,0.0,0.0,1871.0,0.0,773.0,77.0,0.0,Cecum,D07C
D07E09D,0.0,0.0,90.0,0.0,786.0,0.0,0.0,0.0,0.0,0.0,0.0,60.0,142863.0,43.0,61.0,0.0,92.0,0.0,0.0,8.0,1225.0,0.0,14.0,40.0,0.0,Duodenum,D07D
D07E09I,0.0,0.0,20.0,0.0,17.0,0.0,0.0,0.0,0.0,0.0,0.0,215.0,128628.0,0.0,0.0,0.0,0.0,0.0,0.0,0.0,22.0,0.0,0.0,0.0,0.0,Ileum,D07I
D07E09J,0.0,0.0,19.0,0.0,127.0,0.0,0.0,0.0,0.0,0.0,0.0,119.0,96644.0,0.0,0.0,0.0,0.0,0.0,0.0,0.0,33.0,0.0,0.0,0.0,0.0,Jejunum,D07J
D07E10C,0.0,0.0,467.0,0.0,557.0,0.0,7.0,0.0,0.0,0.0,0.0,96.0,113172.0,0.0,0.0,0.0,0.0,0.0,0.0,0.0,3386.0,0.0,934.0,36.0,0.0,Cecum,D07C
D07E10D,0.0,0.0,187.0,0.0,1140.0,0.0,0.0,0.0,0.0,0.0,0.0,48.0,158959.0,37.0,0.0,0.0,147.0,0.0,0.0,32.0,1673.0,26.0,6.0,61.0,0.0,Duodenum,D07D
D07E10I,0.0,0.0,23.0,0.0,42.0,0.0,0.0,0.0,0.0,0.0,0.0,106.0,177618.0,0.0,0.0,0.0,0.0,0.0,0.0,0.0,27.0,0.0,5.0,0.0,0.0,Ileum,D07I
D07E10J,0.0,0.0,45.0,0.0,61.0,0.0,0.0,0.0,0.0,0.0,0.0,83.0,132189.0,0.0,0.0,0.0,0.0,0.0,0.0,0.0,29.0,0.0,0.0,0.0,0.0,Jejunum,D07J
D14E01C,0.0,0.0,609.0,0.0,29670.0,0.0,70.0,0.0,0.0,0.0,0.0,37.0,159982.0,0.0,0.0,0.0,0.0,0.0,0.0,0.0,1290.0,0.0,2548.0,286.0,0.0,Cecum,D14C
D14E01D,0.0,12.0,345.0,0.0,1944.0,0.0,5.0,0.0,0.0,0.0,0.0,159.0,113300.0,93.0,40.0,0.0,147.0,18.0,0.0,16.0,3166.0,0.0,0.0,83.0,0.0,Duodenum,D14D
D14E01I,0.0,0.0,0.0,0.0,30.0,0.0,0.0,0.0,0.0,0.0,0.0,53.0,131067.0,0.0,0.0,0.0,0.0,0.0,0.0,0.0,34.0,0.0,0.0,0.0,0.0,Ileum,D14I
D14E01J,0.0,0.0,13.0,0.0,261.0,0.0,0.0,0.0,0.0,0.0,0.0,15.0,116616.0,0.0,0.0,0.0,0.0,0.0,0.0,0.0,15.0,0.0,0.0,0.0,0.0,Jejunum,D14J
D14E02C,0.0,0.0,197.0,0.0,30282.0,0.0,18.0,0.0,0.0,0.0,0.0,45.0,159885.0,0.0,0.0,0.0,0.0,0.0,0.0,0.0,5324.0,0.0,2212.0,0.0,0.0,Cecum,D14C
D14E02D,23.0,0.0,325.0,0.0,1720.0,17.0,0.0,0.0,0.0,0.0,0.0,126.0,75310.0,120.0,14.0,0.0,31.0,0.0,0.0,49.0,3125.0,0.0,0.0,157.0,0.0,Duodenum,D14D
D14E02I,0.0,0.0,35.0,0.0,123.0,0.0,0.0,0.0,0.0,0.0,0.0,23.0,139566.0,0.0,0.0,0.0,0.0,0.0,0.0,0.0,69.0,0.0,0.0,0.0,0.0,Ileum,D14I
D14E02J,0.0,0.0,78.0,0.0,386.0,0.0,0.0,0.0,0.0,0.0,0.0,19.0,100927.0,0.0,0.0,0.0,0.0,0.0,0.0,0.0,58.0,0.0,0.0,0.0,0.0,Jejunum,D14J
D14E03C,0.0,15.0,315.0,0.0,23951.0,0.0,176.0,0.0,0.0,0.0,0.0,1285.0,161255.0,0.0,0.0,0.0,0.0,0.0,0.0,0.0,3707.0,0.0,1828.0,0.0,0.0,Cecum,D14C
D14E03D,0.0,0.0,916.0,0.0,7250.0,100.0,9.0,0.0,0.0,0.0,0.0,69.0,71458.0,334.0,135.0,0.0,254.0,0.0,0.0,0.0,8357.0,0.0,434.0,248.0,0.0,Duodenum,D14D
D14E03I,0.0,0.0,30.0,0.0,424.0,0.0,0.0,0.0,0.0,0.0,0.0,98.0,85139.0,0.0,0.0,0.0,0.0,0.0,0.0,0.0,11246.0,0.0,119.0,0.0,0.0,Ileum,D14I
D14E03J,0.0,0.0,16.0,0.0,771.0,0.0,0.0,0.0,0.0,0.0,0.0,47.0,82477.0,0.0,0.0,0.0,0.0,0.0,0.0,0.0,55.0,0.0,0.0,0.0,0.0,Jejunum,D14J
D14E04C,0.0,0.0,313.0,0.0,35893.0,0.0,148.0,0.0,0.0,0.0,0.0,55.0,128692.0,0.0,0.0,0.0,0.0,0.0,0.0,0.0,334.0,0.0,502.0,0.0,0.0,Cecum,D14C
D14E04D,0.0,0.0,262.0,0.0,2442.0,0.0,0.0,0.0,0.0,0.0,0.0,86.0,125751.0,0.0,0.0,0.0,72.0,0.0,0.0,0.0,1715.0,0.0,76.0,90.0,0.0,Duodenum,D14D
D14E04I,0.0,0.0,21.0,0.0,232.0,0.0,0.0,0.0,0.0,0.0,0.0,23.0,104407.0,0.0,0.0,0.0,0.0,0.0,0.0,0.0,18.0,0.0,0.0,0.0,0.0,Ileum,D14I
D14E04J,0.0,0.0,35.0,0.0,271.0,0.0,2.0,0.0,0.0,0.0,0.0,15.0,74838.0,0.0,0.0,0.0,0.0,0.0,0.0,0.0,18.0,0.0,0.0,0.0,0.0,Jejunum,D14J
D14E05C,0.0,6.0,363.0,0.0,23563.0,0.0,146.0,0.0,0.0,0.0,0.0,53.0,113757.0,0.0,0.0,0.0,0.0,0.0,0.0,0.0,1033.0,0.0,548.0,0.0,0.0,Cecum,D14C
D14E05D,0.0,36.0,423.0,0.0,4518.0,0.0,0.0,0.0,0.0,0.0,0.0,127.0,103116.0,50.0,285.0,0.0,141.0,0.0,0.0,0.0,8542.0,0.0,81.0,355.0,0.0,Duodenum,D14D
D14E05I,0.0,0.0,0.0,0.0,654.0,0.0,0.0,0.0,0.0,0.0,0.0,85.0,139386.0,0.0,0.0,0.0,0.0,0.0,0.0,0.0,38.0,0.0,0.0,0.0,0.0,Ileum,D14I
D14E05J,0.0,0.0,2.0,0.0,391.0,0.0,0.0,0.0,0.0,0.0,0.0,28.0,92151.0,0.0,0.0,0.0,0.0,0.0,0.0,0.0,32.0,0.0,0.0,0.0,0.0,Jejunum,D14J
D14E06C,0.0,0.0,255.0,0.0,26185.0,0.0,19.0,0.0,0.0,0.0,0.0,645.0,136206.0,0.0,0.0,0.0,0.0,0.0,0.0,0.0,1934.0,0.0,673.0,0.0,0.0,Cecum,D14C
D14E06D,10.0,0.0,478.0,0.0,2820.0,0.0,0.0,0.0,10.0,0.0,0.0,61.0,104132.0,42.0,0.0,0.0,108.0,0.0,0.0,0.0,2397.0,12.0,30.0,110.0,0.0,Duodenum,D14D
D14E06I,0.0,0.0,730.0,0.0,121.0,0.0,2.0,0.0,0.0,0.0,0.0,30.0,123472.0,0.0,0.0,0.0,0.0,0.0,0.0,0.0,435.0,0.0,0.0,10.0,0.0,Ileum,D14I
D14E06J,0.0,0.0,24.0,0.0,890.0,0.0,7.0,0.0,0.0,0.0,0.0,75.0,79145.0,0.0,0.0,0.0,0.0,0.0,0.0,0.0,96.0,0.0,0.0,0.0,0.0,Jejunum,D14J
D14E07C,0.0,0.0,415.0,0.0,14643.0,0.0,106.0,0.0,0.0,0.0,0.0,112.0,133802.0,0.0,0.0,0.0,0.0,0.0,0.0,0.0,1049.0,0.0,647.0,0.0,0.0,Cecum,D14C
D14E07D,0.0,0.0,188.0,0.0,1527.0,0.0,0.0,0.0,6.0,0.0,0.0,124.0,113596.0,16.0,22.0,0.0,41.0,0.0,10.0,29.0,1397.0,0.0,0.0,70.0,0.0,Duodenum,D14D
D14E07I,0.0,0.0,0.0,0.0,161.0,0.0,0.0,0.0,0.0,0.0,0.0,12.0,154384.0,0.0,0.0,0.0,0.0,0.0,0.0,0.0,24.0,0.0,0.0,5.0,0.0,Ileum,D14I
D14E07J,0.0,0.0,0.0,0.0,91.0,0.0,0.0,0.0,0.0,0.0,0.0,11.0,109480.0,0.0,0.0,0.0,0.0,0.0,0.0,0.0,13.0,0.0,0.0,0.0,0.0,Jejunum,D14J
D14E08C,0.0,0.0,757.0,0.0,29207.0,0.0,13.0,0.0,0.0,0.0,0.0,25.0,98956.0,0.0,0.0,0.0,0.0,0.0,0.0,0.0,7030.0,0.0,23.0,4.0,0.0,Cecum,D14C
D14E08D,0.0,13.0,526.0,0.0,2245.0,13.0,0.0,0.0,0.0,0.0,0.0,70.0,80867.0,172.0,29.0,0.0,110.0,0.0,0.0,21.0,3222.0,0.0,13.0,150.0,0.0,Duodenum,D14D
D14E08I,0.0,0.0,8.0,0.0,34.0,0.0,0.0,0.0,0.0,0.0,0.0,24.0,110079.0,0.0,0.0,0.0,0.0,0.0,0.0,0.0,0.0,0.0,0.0,0.0,0.0,Ileum,D14I
D14E08J,0.0,0.0,19.0,0.0,1881.0,0.0,3.0,0.0,0.0,0.0,0.0,136.0,90759.0,0.0,0.0,0.0,0.0,0.0,0.0,0.0,88.0,0.0,0.0,0.0,0.0,Jejunum,D14J
D14E09C,0.0,0.0,71.0,0.0,7598.0,0.0,381.0,0.0,0.0,0.0,0.0,38.0,135550.0,0.0,0.0,0.0,0.0,0.0,0.0,0.0,5114.0,0.0,188.0,0.0,0.0,Cecum,D14C
D14E09D,16.0,30.0,247.0,0.0,2286.0,0.0,7.0,0.0,0.0,0.0,0.0,102.0,99357.0,42.0,78.0,0.0,15.0,0.0,0.0,0.0,2951.0,8.0,23.0,85.0,0.0,Duodenum,D14D
D14E09I,0.0,0.0,73.0,0.0,626.0,0.0,0.0,0.0,0.0,0.0,0.0,58.0,141841.0,0.0,0.0,0.0,0.0,0.0,0.0,0.0,49.0,0.0,0.0,0.0,0.0,Ileum,D14I
D14E09J,0.0,0.0,18.0,0.0,1351.0,0.0,8.0,0.0,0.0,0.0,0.0,119.0,109819.0,0.0,0.0,6.0,0.0,0.0,0.0,0.0,109.0,0.0,0.0,0.0,0.0,Jejunum,D14J
D14E10C,0.0,0.0,209.0,0.0,24579.0,0.0,115.0,0.0,0.0,0.0,0.0,356.0,107686.0,3.0,0.0,110.0,0.0,0.0,0.0,0.0,3050.0,0.0,252.0,3.0,0.0,Cecum,D14C
D14E10D,0.0,19.0,514.0,0.0,1790.0,40.0,11.0,0.0,0.0,0.0,0.0,149.0,53398.0,169.0,0.0,0.0,200.0,14.0,0.0,0.0,4160.0,0.0,13.0,129.0,0.0,Duodenum,D14D
D14E10I,0.0,0.0,24.0,0.0,1730.0,0.0,3.0,0.0,0.0,0.0,0.0,150.0,159688.0,0.0,0.0,0.0,0.0,0.0,0.0,0.0,146.0,0.0,6.0,0.0,0.0,Ileum,D14I
D14E10J,9.0,0.0,85.0,0.0,9258.0,0.0,62.0,12.0,0.0,0.0,0.0,770.0,72056.0,0.0,0.0,0.0,0.0,0.0,0.0,0.0,602.0,0.0,0.0,4.0,0.0,Jejunum,D14J
D21E01C,4.0,0.0,18.0,0.0,29792.0,0.0,312.0,0.0,0.0,0.0,0.0,31045.0,96507.0,0.0,0.0,0.0,0.0,0.0,0.0,0.0,3060.0,0.0,87.0,27.0,0.0,Cecum,D21C
D21E01D,0.0,41.0,1003.0,0.0,2797.0,21.0,0.0,67.0,0.0,0.0,0.0,21485.0,42950.0,50.0,131.0,0.0,211.0,0.0,0.0,7.0,2518.0,14.0,0.0,189.0,0.0,Duodenum,D21D
D21E01I,0.0,0.0,13.0,0.0,72.0,0.0,0.0,0.0,0.0,0.0,0.0,17185.0,132321.0,0.0,0.0,0.0,0.0,0.0,0.0,0.0,116.0,0.0,0.0,0.0,0.0,Ileum,D21I
D21E01J,0.0,0.0,0.0,0.0,324.0,0.0,0.0,0.0,0.0,0.0,0.0,487.0,72332.0,0.0,0.0,0.0,0.0,0.0,0.0,0.0,34.0,0.0,0.0,11.0,0.0,Jejunum,D21J
D21E02C,0.0,0.0,26.0,0.0,36298.0,0.0,353.0,0.0,0.0,0.0,0.0,23864.0,92382.0,6.0,0.0,0.0,0.0,0.0,0.0,0.0,5161.0,0.0,3502.0,4343.0,0.0,Cecum,D21C
D21E02D,0.0,0.0,349.0,0.0,1799.0,0.0,0.0,0.0,0.0,0.0,0.0,269.0,94810.0,0.0,0.0,0.0,209.0,0.0,0.0,13.0,2585.0,7.0,0.0,75.0,0.0,Duodenum,D21D
D21E02I,0.0,0.0,0.0,0.0,26.0,0.0,0.0,0.0,0.0,0.0,0.0,48.0,101391.0,0.0,0.0,0.0,0.0,0.0,0.0,0.0,0.0,0.0,0.0,0.0,0.0,Ileum,D21I
D21E02J,0.0,0.0,15.0,0.0,428.0,0.0,0.0,0.0,0.0,0.0,0.0,39.0,88400.0,0.0,0.0,0.0,0.0,0.0,0.0,0.0,28.0,0.0,0.0,0.0,0.0,Jejunum,D21J
D21E03C,0.0,0.0,76.0,0.0,50448.0,0.0,306.0,0.0,0.0,0.0,0.0,6217.0,99918.0,0.0,0.0,0.0,0.0,0.0,0.0,0.0,3419.0,0.0,195.0,13.0,0.0,Cecum,D21C
D21E03D,0.0,0.0,1166.0,0.0,9982.0,0.0,0.0,0.0,33.0,0.0,0.0,133.0,66346.0,84.0,0.0,0.0,171.0,0.0,0.0,0.0,5035.0,0.0,0.0,97.0,0.0,Duodenum,D21D
D21E03I,0.0,0.0,0.0,0.0,111.0,0.0,0.0,0.0,0.0,0.0,0.0,32.0,101931.0,0.0,0.0,0.0,0.0,0.0,0.0,0.0,12.0,0.0,0.0,0.0,0.0,Ileum,D21I
D21E03J,0.0,0.0,11.0,0.0,1114.0,0.0,0.0,0.0,0.0,0.0,0.0,69.0,79908.0,0.0,0.0,0.0,0.0,0.0,0.0,0.0,94.0,0.0,0.0,0.0,0.0,Jejunum,D21J
D21E04C,0.0,0.0,83.0,0.0,87025.0,0.0,976.0,0.0,0.0,0.0,0.0,3070.0,127698.0,0.0,0.0,69.0,0.0,0.0,0.0,0.0,4487.0,0.0,157.0,0.0,0.0,Cecum,D21C
D21E04D,7.0,13.0,962.0,0.0,2995.0,0.0,0.0,0.0,0.0,0.0,0.0,109.0,72277.0,82.0,0.0,0.0,82.0,0.0,9.0,26.0,3155.0,11.0,0.0,131.0,0.0,Duodenum,D21D
D21E04I,0.0,0.0,11.0,0.0,192.0,0.0,0.0,0.0,0.0,0.0,0.0,59.0,99040.0,0.0,0.0,0.0,0.0,0.0,0.0,0.0,22.0,0.0,0.0,0.0,0.0,Ileum,D21I
D21E04J,0.0,0.0,27.0,0.0,3293.0,0.0,22.0,0.0,0.0,0.0,0.0,303.0,98026.0,25.0,0.0,0.0,0.0,0.0,0.0,0.0,309.0,0.0,0.0,0.0,0.0,Jejunum,D21J
D21E05C,0.0,0.0,232.0,0.0,33342.0,0.0,2058.0,0.0,0.0,0.0,0.0,1182.0,102912.0,0.0,0.0,0.0,0.0,0.0,0.0,0.0,9288.0,0.0,56.0,22.0,0.0,Cecum,D21C
D21E05D,0.0,23.0,569.0,0.0,2661.0,0.0,0.0,0.0,14.0,0.0,0.0,172.0,40622.0,257.0,42.0,0.0,48.0,0.0,0.0,3.0,3296.0,31.0,0.0,119.0,0.0,Duodenum,D21D
D21E05I,0.0,0.0,15.0,0.0,369.0,0.0,0.0,0.0,0.0,0.0,0.0,38.0,115032.0,0.0,0.0,0.0,0.0,0.0,0.0,0.0,35.0,0.0,0.0,0.0,0.0,Ileum,D21I
D21E05J,0.0,0.0,4.0,0.0,1338.0,0.0,0.0,0.0,0.0,0.0,0.0,105.0,96143.0,0.0,0.0,0.0,0.0,0.0,0.0,0.0,82.0,0.0,5.0,0.0,0.0,Jejunum,D21J
D21E06C,0.0,0.0,243.0,0.0,66474.0,0.0,280.0,0.0,0.0,0.0,0.0,42.0,73955.0,28.0,0.0,0.0,0.0,0.0,0.0,0.0,2916.0,0.0,122.0,0.0,0.0,Cecum,D21C
D21E06D,0.0,18.0,329.0,0.0,2007.0,0.0,0.0,0.0,0.0,0.0,0.0,89.0,76809.0,0.0,44.0,0.0,105.0,0.0,47.0,0.0,2602.0,24.0,20.0,110.0,0.0,Duodenum,D21D
D21E06I,0.0,0.0,0.0,0.0,8.0,0.0,0.0,0.0,0.0,0.0,0.0,28.0,101558.0,0.0,0.0,0.0,0.0,0.0,0.0,0.0,48.0,0.0,0.0,0.0,0.0,Ileum,D21I
D21E06J,6.0,0.0,82.0,0.0,8016.0,0.0,121.0,0.0,0.0,0.0,0.0,685.0,51572.0,0.0,0.0,0.0,0.0,0.0,0.0,0.0,712.0,0.0,5.0,12.0,0.0,Jejunum,D21J
D21E07C,0.0,21.0,127.0,0.0,36581.0,7.0,50.0,0.0,0.0,0.0,0.0,2416.0,120423.0,0.0,0.0,0.0,0.0,0.0,0.0,0.0,9108.0,0.0,265.0,0.0,0.0,Cecum,D21C
D21E07D,0.0,0.0,860.0,0.0,19408.0,0.0,0.0,0.0,0.0,0.0,0.0,77.0,65131.0,16.0,0.0,0.0,83.0,0.0,3.0,12.0,2907.0,0.0,0.0,66.0,0.0,Duodenum,D21D
D21E07I,0.0,0.0,17.0,0.0,68.0,0.0,0.0,0.0,0.0,0.0,0.0,111.0,154103.0,0.0,0.0,0.0,0.0,0.0,0.0,0.0,2.0,0.0,0.0,0.0,0.0,Ileum,D21I
D21E07J,0.0,0.0,25.0,0.0,4341.0,0.0,29.0,0.0,0.0,0.0,0.0,399.0,95856.0,0.0,0.0,0.0,0.0,0.0,0.0,6.0,262.0,0.0,0.0,17.0,0.0,Jejunum,D21J
D21E08C,0.0,36.0,67.0,0.0,57966.0,0.0,137.0,0.0,0.0,0.0,0.0,13210.0,104226.0,0.0,0.0,0.0,0.0,0.0,0.0,0.0,2209.0,0.0,410.0,0.0,0.0,Cecum,D21C
D21E08D,0.0,0.0,734.0,0.0,2545.0,0.0,0.0,0.0,0.0,23.0,0.0,158269.0,41398.0,66.0,0.0,0.0,109.0,0.0,0.0,0.0,2929.0,0.0,46.0,152.0,0.0,Duodenum,D21D
D21E08I,0.0,0.0,0.0,0.0,78.0,0.0,0.0,0.0,0.0,0.0,0.0,8244.0,118377.0,0.0,0.0,0.0,0.0,0.0,0.0,0.0,11.0,0.0,0.0,0.0,0.0,Ileum,D21I
D21E08J,0.0,0.0,40.0,0.0,4494.0,0.0,28.0,0.0,0.0,0.0,0.0,2299.0,71538.0,0.0,0.0,0.0,0.0,0.0,0.0,6.0,418.0,0.0,21.0,20.0,0.0,Jejunum,D21J
D21E09C,0.0,0.0,250.0,0.0,42734.0,6.0,880.0,0.0,0.0,0.0,0.0,4540.0,113703.0,0.0,0.0,0.0,0.0,0.0,0.0,0.0,3338.0,0.0,67.0,12.0,0.0,Cecum,D21C
D21E09D,0.0,0.0,266.0,0.0,1612.0,0.0,4.0,51.0,0.0,0.0,0.0,100742.0,46598.0,38.0,28.0,0.0,178.0,0.0,7.0,10.0,1794.0,0.0,29.0,69.0,0.0,Duodenum,D21D
D21E09I,0.0,0.0,0.0,0.0,27.0,0.0,0.0,0.0,0.0,0.0,0.0,14368.0,126596.0,0.0,0.0,0.0,0.0,0.0,0.0,0.0,14.0,0.0,0.0,42.0,0.0,Ileum,D21I
D21E09J,11.0,0.0,32.0,0.0,2631.0,0.0,0.0,0.0,0.0,0.0,0.0,2221.0,94053.0,0.0,6.0,0.0,0.0,0.0,0.0,0.0,178.0,0.0,0.0,0.0,0.0,Jejunum,D21J
D21E10C,0.0,0.0,44.0,0.0,46174.0,15.0,211.0,0.0,0.0,0.0,0.0,23325.0,105302.0,0.0,0.0,19.0,0.0,0.0,0.0,0.0,3203.0,0.0,43.0,0.0,0.0,Cecum,D21C
D21E10D,0.0,0.0,148.0,0.0,1556.0,0.0,0.0,20.0,0.0,0.0,0.0,61297.0,74578.0,97.0,18.0,0.0,105.0,0.0,0.0,0.0,2097.0,0.0,0.0,30.0,0.0,Duodenum,D21D
D21E10I,0.0,0.0,0.0,0.0,171.0,0.0,0.0,0.0,0.0,0.0,0.0,29988.0,102621.0,0.0,0.0,0.0,0.0,0.0,0.0,0.0,22.0,0.0,0.0,0.0,0.0,Ileum,D21I
D21E10J,0.0,3.0,10.0,0.0,2072.0,0.0,7.0,0.0,0.0,0.0,0.0,3009.0,83381.0,5.0,0.0,0.0,0.0,0.0,0.0,0.0,138.0,0.0,0.0,0.0,0.0,Jejunum,D21J
D28E01C,0.0,0.0,43.0,0.0,79192.0,0.0,468.0,0.0,0.0,0.0,0.0,454.0,92427.0,0.0,0.0,0.0,0.0,0.0,0.0,0.0,1917.0,0.0,56.0,24089.0,0.0,Cecum,D28C
D28E01D,0.0,0.0,163.0,0.0,612.0,0.0,0.0,0.0,0.0,0.0,0.0,112456.0,76754.0,16.0,20.0,0.0,17.0,0.0,0.0,21.0,1140.0,26.0,6.0,0.0,0.0,Duodenum,D28D
D28E01I,0.0,0.0,20.0,0.0,7.0,0.0,0.0,0.0,0.0,0.0,0.0,5220.0,123524.0,0.0,0.0,0.0,0.0,0.0,0.0,0.0,2330.0,0.0,0.0,0.0,0.0,Ileum,D28I
D28E01J,0.0,0.0,0.0,0.0,404.0,0.0,0.0,0.0,0.0,0.0,0.0,157.0,121667.0,0.0,0.0,0.0,0.0,0.0,0.0,0.0,15.0,0.0,0.0,0.0,0.0,Jejunum,D28J
D28E02C,0.0,0.0,35.0,0.0,82617.0,0.0,488.0,0.0,0.0,0.0,0.0,2258.0,93420.0,0.0,0.0,0.0,0.0,0.0,0.0,0.0,1818.0,0.0,178.0,0.0,0.0,Cecum,D28C
D28E02D,0.0,0.0,410.0,0.0,1901.0,0.0,0.0,40.0,0.0,0.0,0.0,35071.0,72838.0,38.0,0.0,0.0,298.0,0.0,43.0,83.0,3547.0,46.0,0.0,134.0,0.0,Duodenum,D28D
D28E02I,0.0,0.0,48.0,0.0,23.0,0.0,6.0,0.0,0.0,0.0,0.0,4987.0,76200.0,0.0,0.0,0.0,0.0,0.0,0.0,0.0,277.0,0.0,0.0,0.0,0.0,Ileum,D28I
D28E02J,0.0,0.0,24.0,0.0,2564.0,0.0,18.0,0.0,0.0,0.0,0.0,382.0,107731.0,0.0,7.0,0.0,0.0,0.0,0.0,0.0,197.0,0.0,0.0,7.0,0.0,Jejunum,D28J
D28E03C,0.0,0.0,144.0,0.0,64289.0,0.0,129.0,0.0,0.0,0.0,0.0,430.0,113241.0,0.0,0.0,0.0,0.0,0.0,0.0,0.0,2718.0,0.0,246.0,19.0,0.0,Cecum,D28C
D28E03D,0.0,6.0,101.0,6.0,637.0,0.0,0.0,0.0,0.0,0.0,0.0,88176.0,82438.0,0.0,0.0,0.0,2.0,0.0,0.0,11.0,1126.0,0.0,0.0,11.0,0.0,Duodenum,D28D
D28E03I,0.0,0.0,0.0,0.0,59.0,0.0,0.0,0.0,0.0,0.0,0.0,40401.0,139130.0,0.0,0.0,0.0,0.0,0.0,0.0,0.0,13.0,0.0,0.0,0.0,0.0,Ileum,D28I
D28E03J,0.0,0.0,42.0,0.0,836.0,0.0,3.0,0.0,0.0,0.0,0.0,533.0,120739.0,7.0,0.0,0.0,0.0,0.0,0.0,0.0,68.0,0.0,0.0,0.0,0.0,Jejunum,D28J
D28E04C,0.0,0.0,82.0,0.0,77069.0,0.0,1037.0,0.0,0.0,0.0,0.0,1780.0,115524.0,0.0,0.0,0.0,0.0,0.0,0.0,0.0,3470.0,0.0,404.0,3922.0,0.0,Cecum,D28C
D28E04D,0.0,0.0,372.0,0.0,1903.0,9.0,0.0,42.0,17.0,0.0,0.0,21197.0,119261.0,55.0,20.0,0.0,169.0,0.0,0.0,18.0,4323.0,21.0,0.0,105.0,0.0,Duodenum,D28D
D28E04I,0.0,0.0,17.0,0.0,13.0,0.0,0.0,0.0,0.0,0.0,0.0,26292.0,101488.0,0.0,0.0,0.0,0.0,0.0,0.0,0.0,543.0,0.0,0.0,0.0,0.0,Ileum,D28I
D28E04J,0.0,0.0,14.0,0.0,588.0,0.0,6.0,0.0,0.0,0.0,0.0,548.0,94378.0,0.0,0.0,0.0,0.0,0.0,0.0,0.0,45.0,0.0,0.0,0.0,0.0,Jejunum,D28J
D28E05C,0.0,0.0,145.0,0.0,82506.0,0.0,43.0,0.0,0.0,0.0,0.0,1701.0,93315.0,0.0,0.0,0.0,0.0,0.0,0.0,0.0,6439.0,0.0,5.0,56.0,0.0,Cecum,D28C
D28E05D,0.0,15.0,493.0,0.0,1625.0,0.0,0.0,0.0,0.0,0.0,0.0,3113.0,85439.0,173.0,71.0,0.0,82.0,12.0,23.0,44.0,3209.0,0.0,0.0,97.0,0.0,Duodenum,D28D
D28E05I,0.0,0.0,0.0,0.0,147.0,0.0,0.0,0.0,0.0,0.0,0.0,19406.0,97496.0,0.0,0.0,0.0,0.0,0.0,0.0,0.0,13.0,0.0,0.0,0.0,0.0,Ileum,D28I
D28E05J,0.0,0.0,2.0,0.0,947.0,0.0,6.0,0.0,0.0,0.0,0.0,385.0,95812.0,0.0,0.0,0.0,0.0,0.0,0.0,0.0,108.0,0.0,0.0,0.0,0.0,Jejunum,D28J
D28E06C,0.0,0.0,45.0,0.0,52137.0,0.0,69.0,0.0,0.0,0.0,0.0,484.0,108355.0,0.0,0.0,0.0,0.0,0.0,0.0,0.0,1043.0,0.0,32.0,5.0,0.0,Cecum,D28C
D28E06D,0.0,0.0,144.0,0.0,897.0,0.0,0.0,7.0,0.0,0.0,0.0,10842.0,113962.0,0.0,15.0,0.0,93.0,6.0,0.0,13.0,1330.0,0.0,0.0,54.0,0.0,Duodenum,D28D
D28E06I,0.0,0.0,67.0,0.0,271.0,0.0,0.0,0.0,0.0,0.0,0.0,516.0,130341.0,0.0,0.0,0.0,0.0,0.0,0.0,0.0,98.0,0.0,0.0,0.0,0.0,Ileum,D28I
D28E06J,0.0,0.0,40.0,0.0,521.0,0.0,3.0,0.0,0.0,0.0,0.0,288.0,150339.0,0.0,0.0,0.0,0.0,0.0,0.0,0.0,62.0,0.0,0.0,0.0,0.0,Jejunum,D28J
D28E07C,0.0,0.0,98.0,0.0,55207.0,0.0,801.0,0.0,0.0,0.0,0.0,11573.0,102072.0,0.0,0.0,17.0,0.0,0.0,0.0,0.0,4378.0,0.0,85.0,9.0,0.0,Cecum,D28C
D28E07D,0.0,15.0,436.0,0.0,1790.0,0.0,0.0,0.0,0.0,0.0,0.0,27289.0,65998.0,30.0,21.0,0.0,43.0,0.0,0.0,0.0,2711.0,0.0,0.0,28.0,0.0,Duodenum,D28D
D28E07I,0.0,0.0,13.0,0.0,273.0,0.0,72.0,0.0,0.0,0.0,0.0,3493.0,74726.0,0.0,0.0,0.0,0.0,0.0,0.0,0.0,65.0,0.0,0.0,0.0,0.0,Ileum,D28I
D28E07J,0.0,0.0,4.0,0.0,3575.0,0.0,28.0,0.0,0.0,0.0,0.0,976.0,68471.0,0.0,0.0,6.0,0.0,0.0,0.0,0.0,310.0,0.0,0.0,9.0,0.0,Jejunum,D28J
D28E08C,4.0,0.0,249.0,0.0,74140.0,0.0,222.0,0.0,0.0,0.0,0.0,394.0,104303.0,0.0,0.0,0.0,0.0,0.0,0.0,0.0,4006.0,0.0,407.0,113.0,0.0,Cecum,D28C
D28E08D,0.0,0.0,682.0,0.0,3276.0,0.0,0.0,29.0,0.0,0.0,0.0,8476.0,21853.0,177.0,45.0,0.0,213.0,0.0,0.0,0.0,3560.0,0.0,7.0,165.0,0.0,Duodenum,D28D
D28E08I,0.0,0.0,0.0,0.0,5.0,0.0,0.0,0.0,0.0,0.0,0.0,6572.0,157237.0,0.0,0.0,0.0,0.0,0.0,0.0,0.0,224.0,0.0,0.0,0.0,0.0,Ileum,D28I
D28E08J,0.0,0.0,19.0,0.0,557.0,0.0,12.0,0.0,0.0,0.0,0.0,4539.0,63381.0,0.0,0.0,0.0,0.0,0.0,0.0,0.0,206.0,0.0,0.0,0.0,0.0,Jejunum,D28J
D28E09C,0.0,0.0,194.0,0.0,34655.0,0.0,521.0,0.0,0.0,0.0,0.0,1514.0,99646.0,0.0,0.0,0.0,0.0,0.0,0.0,0.0,1207.0,0.0,419.0,10103.0,0.0,Cecum,D28C
D28E09D,0.0,0.0,94.0,0.0,817.0,0.0,0.0,5.0,0.0,0.0,0.0,28241.0,90729.0,40.0,0.0,0.0,78.0,0.0,6.0,6.0,1311.0,6.0,0.0,62.0,0.0,Duodenum,D28D
D28E09I,0.0,0.0,10.0,0.0,30.0,0.0,0.0,0.0,0.0,0.0,0.0,15462.0,87943.0,0.0,0.0,0.0,0.0,0.0,0.0,0.0,446.0,0.0,0.0,0.0,0.0,Ileum,D28I
D28E09J,0.0,0.0,0.0,0.0,722.0,0.0,0.0,0.0,0.0,0.0,0.0,461.0,94499.0,0.0,0.0,0.0,0.0,0.0,0.0,0.0,47.0,0.0,0.0,0.0,0.0,Jejunum,D28J
D28E10C,0.0,0.0,70.0,0.0,55203.0,0.0,26.0,0.0,0.0,0.0,0.0,0.0,70359.0,0.0,0.0,0.0,0.0,0.0,0.0,0.0,828.0,0.0,0.0,3737.0,0.0,Cecum,D28C
D28E10D,0.0,4.0,694.0,0.0,3981.0,0.0,0.0,0.0,0.0,0.0,0.0,23638.0,77721.0,134.0,22.0,0.0,0.0,0.0,0.0,10.0,3204.0,0.0,0.0,137.0,0.0,Duodenum,D28D
D28E10I,0.0,0.0,111.0,0.0,331.0,0.0,0.0,0.0,0.0,0.0,0.0,59285.0,97785.0,0.0,0.0,0.0,0.0,0.0,0.0,0.0,56.0,0.0,0.0,0.0,0.0,Ileum,D28I
D28E10J,0.0,0.0,38.0,0.0,739.0,0.0,0.0,0.0,0.0,0.0,0.0,1752.0,85723.0,0.0,0.0,0.0,0.0,0.0,0.0,0.0,73.0,0.0,0.0,0.0,0.0,Jejunum,D28J
D35E01C,64.0,0.0,262.0,0.0,24871.0,0.0,3434.0,0.0,0.0,0.0,0.0,15009.0,111450.0,0.0,0.0,14.0,0.0,0.0,0.0,0.0,2924.0,0.0,134.0,66.0,0.0,Cecum,D35C
D35E01D,0.0,0.0,329.0,0.0,1864.0,0.0,0.0,7.0,0.0,0.0,0.0,135966.0,24930.0,61.0,0.0,0.0,154.0,0.0,17.0,63.0,2375.0,0.0,15.0,90.0,0.0,Duodenum,D35D
D35E01I,0.0,0.0,0.0,0.0,34.0,0.0,0.0,0.0,0.0,0.0,0.0,8273.0,118801.0,0.0,0.0,0.0,0.0,0.0,0.0,0.0,58.0,0.0,0.0,0.0,0.0,Ileum,D35I
D35E01J,0.0,0.0,0.0,0.0,1013.0,0.0,0.0,0.0,0.0,0.0,0.0,689.0,91159.0,0.0,0.0,0.0,0.0,0.0,0.0,0.0,146.0,0.0,0.0,0.0,0.0,Jejunum,D35J
D35E02C,13.0,0.0,167.0,0.0,39414.0,0.0,121.0,0.0,0.0,0.0,0.0,2345.0,103057.0,0.0,0.0,0.0,0.0,0.0,0.0,0.0,3445.0,0.0,229.0,0.0,0.0,Cecum,D35C
D35E02D,0.0,0.0,147.0,0.0,1403.0,0.0,0.0,0.0,0.0,16.0,0.0,83561.0,69523.0,72.0,18.0,0.0,70.0,0.0,13.0,0.0,1915.0,0.0,0.0,81.0,0.0,Duodenum,D35D
D35E02I,0.0,0.0,0.0,0.0,49.0,0.0,0.0,0.0,0.0,0.0,0.0,20651.0,165761.0,0.0,0.0,0.0,0.0,0.0,0.0,0.0,937.0,0.0,0.0,0.0,0.0,Ileum,D35I
D35E02J,0.0,0.0,9.0,0.0,2214.0,0.0,3.0,0.0,0.0,0.0,0.0,395.0,154807.0,0.0,0.0,0.0,0.0,0.0,0.0,0.0,223.0,0.0,12.0,0.0,0.0,Jejunum,D35J
D35E03C,0.0,0.0,358.0,0.0,37155.0,0.0,90.0,0.0,0.0,0.0,0.0,1396.0,113845.0,0.0,0.0,6.0,0.0,0.0,0.0,0.0,1583.0,0.0,184.0,0.0,0.0,Cecum,D35C
D35E03D,0.0,0.0,338.0,0.0,1596.0,0.0,0.0,0.0,0.0,0.0,0.0,20186.0,112709.0,16.0,0.0,0.0,92.0,0.0,0.0,18.0,1571.0,11.0,0.0,38.0,0.0,Duodenum,D35D
D35E03I,0.0,0.0,0.0,0.0,142.0,0.0,0.0,0.0,0.0,0.0,0.0,7862.0,117055.0,0.0,0.0,0.0,0.0,0.0,0.0,0.0,19.0,0.0,0.0,6.0,0.0,Ileum,D35I
D35E03J,0.0,0.0,0.0,0.0,647.0,0.0,0.0,0.0,0.0,0.0,0.0,1194.0,123707.0,0.0,0.0,0.0,0.0,0.0,0.0,0.0,36.0,0.0,2.0,0.0,0.0,Jejunum,D35J
D35E04C,2.0,0.0,109.0,0.0,36815.0,0.0,534.0,0.0,0.0,0.0,0.0,5125.0,145245.0,72.0,0.0,5.0,0.0,0.0,0.0,0.0,2225.0,0.0,171.0,52.0,0.0,Cecum,D35C
D35E04D,0.0,0.0,357.0,0.0,2237.0,0.0,0.0,0.0,0.0,0.0,0.0,84186.0,40652.0,39.0,42.0,0.0,127.0,0.0,0.0,42.0,2365.0,0.0,6.0,73.0,0.0,Duodenum,D35D
D35E04I,0.0,0.0,0.0,0.0,62.0,0.0,0.0,0.0,0.0,0.0,0.0,12735.0,138823.0,0.0,0.0,0.0,0.0,0.0,0.0,0.0,10.0,0.0,0.0,0.0,0.0,Ileum,D35I
D35E04J,0.0,0.0,151.0,0.0,5179.0,0.0,44.0,0.0,0.0,0.0,0.0,1691.0,112017.0,0.0,0.0,5.0,0.0,0.0,0.0,0.0,414.0,0.0,27.0,9.0,0.0,Jejunum,D35J
D35E05C,11.0,0.0,181.0,0.0,81907.0,0.0,1332.0,0.0,0.0,0.0,0.0,10937.0,91442.0,0.0,0.0,33.0,0.0,0.0,0.0,0.0,7446.0,0.0,395.0,34.0,0.0,Cecum,D35C
D35E05D,17.0,45.0,494.0,0.0,3683.0,0.0,0.0,87.0,0.0,0.0,0.0,29385.0,51187.0,109.0,116.0,0.0,371.0,0.0,29.0,0.0,5391.0,0.0,303.0,142.0,0.0,Duodenum,D35D
D35E05I,0.0,0.0,61.0,0.0,5143.0,0.0,115.0,0.0,0.0,0.0,0.0,6137.0,88754.0,9.0,0.0,0.0,0.0,0.0,0.0,0.0,853.0,0.0,0.0,121.0,0.0,Ileum,D35I
D35E05J,0.0,0.0,48.0,0.0,240.0,0.0,0.0,0.0,0.0,0.0,0.0,193.0,137408.0,0.0,0.0,0.0,0.0,0.0,0.0,0.0,59.0,0.0,0.0,6.0,0.0,Jejunum,D35J
D35E06C,0.0,0.0,319.0,0.0,25059.0,0.0,1036.0,0.0,0.0,0.0,0.0,5132.0,138908.0,0.0,0.0,20.0,0.0,0.0,0.0,0.0,1510.0,0.0,102.0,105.0,0.0,Cecum,D35C
D35E06D,0.0,0.0,651.0,0.0,2681.0,0.0,6.0,26.0,0.0,0.0,0.0,23951.0,75766.0,0.0,79.0,0.0,153.0,0.0,0.0,52.0,3244.0,27.0,47.0,89.0,25.0,Duodenum,D35D
D35E06I,0.0,0.0,0.0,0.0,999.0,0.0,0.0,0.0,0.0,0.0,0.0,20378.0,105760.0,0.0,0.0,0.0,0.0,0.0,0.0,0.0,60.0,0.0,0.0,0.0,0.0,Ileum,D35I
D35E06J,0.0,0.0,12.0,0.0,284.0,0.0,11.0,0.0,0.0,0.0,0.0,1572.0,110853.0,0.0,0.0,0.0,0.0,0.0,0.0,0.0,29.0,0.0,0.0,0.0,0.0,Jejunum,D35J
D35E07C,7.0,0.0,225.0,0.0,24057.0,0.0,205.0,0.0,0.0,0.0,0.0,1539.0,111845.0,0.0,0.0,8.0,0.0,0.0,0.0,0.0,1321.0,0.0,75.0,16.0,0.0,Cecum,D35C
D35E07D,0.0,0.0,361.0,0.0,1612.0,0.0,7.0,8.0,0.0,0.0,0.0,110031.0,31494.0,12.0,0.0,0.0,99.0,0.0,0.0,32.0,1867.0,0.0,21.0,51.0,0.0,Duodenum,D35D
D35E07I,0.0,0.0,0.0,0.0,49.0,0.0,0.0,0.0,0.0,0.0,0.0,19559.0,108146.0,0.0,0.0,0.0,0.0,0.0,0.0,0.0,8.0,0.0,0.0,0.0,0.0,Ileum,D35I
D35E07J,0.0,0.0,23.0,0.0,2222.0,0.0,38.0,0.0,0.0,0.0,0.0,185.0,84787.0,2.0,0.0,0.0,0.0,0.0,0.0,0.0,275.0,0.0,6.0,0.0,0.0,Jejunum,D35J
D35E08C,0.0,0.0,129.0,0.0,26616.0,0.0,18.0,0.0,0.0,0.0,0.0,1597.0,66726.0,0.0,0.0,0.0,0.0,0.0,0.0,0.0,29103.0,0.0,0.0,0.0,0.0,Cecum,D35C
D35E08D,0.0,8.0,580.0,0.0,4995.0,0.0,0.0,0.0,0.0,0.0,0.0,12801.0,52760.0,69.0,42.0,0.0,176.0,0.0,0.0,86.0,3990.0,45.0,15.0,109.0,0.0,Duodenum,D35D
D35E08I,0.0,0.0,27.0,0.0,8444.0,0.0,0.0,0.0,0.0,0.0,0.0,275.0,97069.0,0.0,0.0,0.0,0.0,0.0,0.0,0.0,5033.0,0.0,0.0,0.0,0.0,Ileum,D35I
D35E08J,0.0,0.0,0.0,0.0,1425.0,0.0,0.0,0.0,0.0,0.0,0.0,4366.0,150801.0,0.0,0.0,0.0,0.0,0.0,0.0,0.0,287.0,0.0,0.0,0.0,0.0,Jejunum,D35J
D35E09C,12.0,0.0,93.0,0.0,59304.0,0.0,722.0,0.0,0.0,0.0,0.0,3689.0,125953.0,0.0,0.0,7.0,0.0,0.0,0.0,0.0,1980.0,0.0,145.0,22.0,0.0,Cecum,D35C
D35E09D,0.0,0.0,156.0,0.0,1749.0,0.0,0.0,0.0,0.0,0.0,0.0,42479.0,79185.0,56.0,37.0,0.0,81.0,0.0,0.0,32.0,1705.0,0.0,0.0,25.0,0.0,Duodenum,D35D
D35E09I,0.0,0.0,21.0,0.0,185.0,0.0,0.0,0.0,0.0,0.0,0.0,20450.0,97694.0,0.0,0.0,0.0,0.0,0.0,0.0,0.0,57.0,0.0,0.0,0.0,0.0,Ileum,D35I
D35E09J,0.0,0.0,9.0,0.0,2381.0,0.0,11.0,6.0,0.0,0.0,0.0,1772.0,90222.0,11.0,0.0,0.0,0.0,0.0,0.0,0.0,151.0,0.0,3.0,0.0,0.0,Jejunum,D35J
D35E10C,10.0,0.0,221.0,0.0,49967.0,0.0,438.0,0.0,0.0,0.0,0.0,2358.0,106510.0,0.0,0.0,16.0,0.0,0.0,0.0,0.0,1177.0,0.0,186.0,167.0,0.0,Cecum,D35C
D35E10D,0.0,0.0,104.0,0.0,1085.0,9.0,0.0,0.0,0.0,0.0,0.0,16422.0,108134.0,22.0,0.0,0.0,54.0,0.0,3.0,0.0,1353.0,0.0,0.0,25.0,0.0,Duodenum,D35D
D35E10I,0.0,0.0,12.0,0.0,46.0,0.0,0.0,0.0,0.0,0.0,0.0,25089.0,93898.0,0.0,0.0,0.0,0.0,0.0,0.0,0.0,10.0,0.0,0.0,0.0,0.0,Ileum,D35I
D35E10J,0.0,0.0,5.0,0.0,1228.0,0.0,0.0,0.0,0.0,0.0,0.0,3632.0,103952.0,0.0,0.0,0.0,0.0,0.0,0.0,0.0,95.0,0.0,0.0,0.0,0.0,Jejunum,D35J
D42E01C,0.0,0.0,102.0,0.0,15008.0,0.0,284.0,0.0,0.0,0.0,0.0,2737.0,117994.0,0.0,0.0,0.0,0.0,0.0,0.0,0.0,1104.0,0.0,25.0,12.0,0.0,Cecum,D42C
D42E01D,27.0,0.0,576.0,0.0,2720.0,0.0,0.0,11.0,0.0,0.0,0.0,2396.0,86481.0,105.0,12.0,0.0,114.0,0.0,0.0,10.0,4113.0,0.0,5.0,101.0,0.0,Duodenum,D42D
D42E01I,0.0,0.0,7.0,0.0,20.0,0.0,0.0,0.0,0.0,0.0,0.0,7705.0,138685.0,0.0,0.0,0.0,0.0,0.0,0.0,0.0,17.0,0.0,0.0,0.0,0.0,Ileum,D42I
D42E01J,0.0,0.0,34.0,0.0,155.0,0.0,2.0,0.0,0.0,0.0,0.0,288.0,120680.0,0.0,0.0,0.0,0.0,0.0,0.0,0.0,45.0,0.0,0.0,0.0,0.0,Jejunum,D42J
D42E02C,6.0,0.0,161.0,0.0,35379.0,0.0,3987.0,0.0,0.0,0.0,0.0,3840.0,109199.0,0.0,0.0,14.0,0.0,0.0,0.0,0.0,3951.0,0.0,31.0,3543.0,0.0,Cecum,D42C
D42E02D,0.0,0.0,321.0,0.0,1660.0,0.0,0.0,7.0,0.0,0.0,0.0,22965.0,141805.0,53.0,25.0,0.0,13.0,0.0,0.0,15.0,2422.0,19.0,28.0,51.0,0.0,Duodenum,D42D
D42E02I,0.0,0.0,8.0,0.0,0.0,0.0,0.0,0.0,0.0,0.0,0.0,169.0,89237.0,0.0,0.0,0.0,0.0,0.0,0.0,0.0,0.0,0.0,0.0,0.0,0.0,Ileum,D42I
D42E02J,0.0,0.0,37.0,0.0,4609.0,0.0,9.0,12.0,0.0,0.0,0.0,439.0,149833.0,0.0,0.0,0.0,0.0,0.0,0.0,0.0,309.0,0.0,31.0,5.0,0.0,Jejunum,D42J
D42E03C,0.0,0.0,149.0,0.0,31985.0,0.0,169.0,0.0,0.0,0.0,0.0,1209.0,133008.0,0.0,0.0,18.0,0.0,0.0,0.0,0.0,2500.0,0.0,89.0,14.0,0.0,Cecum,D42C
D42E03D,0.0,0.0,288.0,0.0,1475.0,0.0,11.0,0.0,0.0,0.0,0.0,99297.0,42891.0,37.0,13.0,0.0,120.0,15.0,0.0,0.0,2148.0,8.0,0.0,51.0,0.0,Duodenum,D42D
D42E03I,0.0,0.0,91.0,0.0,912.0,0.0,0.0,0.0,0.0,0.0,0.0,84.0,140435.0,0.0,0.0,0.0,0.0,0.0,0.0,0.0,109.0,0.0,0.0,0.0,0.0,Ileum,D42I
D42E03J,0.0,0.0,10.0,0.0,364.0,0.0,0.0,0.0,0.0,0.0,0.0,1027.0,174791.0,0.0,0.0,0.0,0.0,0.0,0.0,0.0,45.0,0.0,0.0,0.0,0.0,Jejunum,D42J
D42E04C,7.0,0.0,149.0,0.0,38676.0,0.0,264.0,0.0,0.0,0.0,0.0,5087.0,113197.0,0.0,0.0,16.0,0.0,0.0,0.0,0.0,847.0,0.0,56.0,21.0,0.0,Cecum,D42C
D42E04D,0.0,0.0,528.0,0.0,2204.0,0.0,0.0,0.0,7.0,0.0,0.0,24483.0,89151.0,587.0,18.0,0.0,112.0,0.0,6.0,0.0,2427.0,0.0,15.0,79.0,0.0,Duodenum,D42D
D42E04I,0.0,0.0,0.0,0.0,70.0,0.0,0.0,0.0,0.0,0.0,0.0,734.0,118401.0,0.0,0.0,0.0,0.0,0.0,0.0,0.0,5.0,0.0,0.0,0.0,0.0,Ileum,D42I
D42E04J,0.0,0.0,8.0,0.0,2498.0,0.0,20.0,0.0,0.0,0.0,0.0,652.0,140206.0,0.0,0.0,0.0,0.0,0.0,0.0,0.0,136.0,0.0,5.0,0.0,0.0,Jejunum,D42J
D42E05C,0.0,0.0,51.0,0.0,17041.0,0.0,271.0,0.0,0.0,0.0,0.0,6840.0,97321.0,0.0,0.0,0.0,0.0,0.0,0.0,0.0,979.0,0.0,9.0,0.0,0.0,Cecum,D42C
D42E05D,0.0,0.0,686.0,0.0,962.0,0.0,0.0,0.0,9.0,0.0,0.0,2075.0,71534.0,250.0,172.0,0.0,30.0,0.0,0.0,0.0,658.0,0.0,0.0,39.0,0.0,Duodenum,D42D
D42E05I,0.0,0.0,0.0,0.0,160.0,0.0,0.0,0.0,0.0,0.0,0.0,2153.0,120597.0,0.0,0.0,0.0,0.0,0.0,0.0,0.0,5.0,0.0,0.0,0.0,0.0,Ileum,D42I
D42E05J,0.0,0.0,41.0,0.0,912.0,0.0,0.0,0.0,0.0,0.0,0.0,172.0,123328.0,0.0,0.0,0.0,0.0,0.0,0.0,0.0,267.0,0.0,0.0,66.0,0.0,Jejunum,D42J
D42E06C,0.0,0.0,171.0,0.0,28915.0,0.0,348.0,0.0,0.0,0.0,0.0,1003.0,151540.0,0.0,0.0,6.0,0.0,0.0,0.0,0.0,1923.0,0.0,80.0,17.0,0.0,Cecum,D42C
D42E06D,0.0,0.0,183.0,0.0,861.0,0.0,0.0,0.0,0.0,0.0,0.0,155.0,109919.0,536.0,17.0,0.0,60.0,0.0,0.0,3.0,1129.0,0.0,0.0,30.0,0.0,Duodenum,D42D
D42E06I,0.0,0.0,0.0,0.0,97.0,0.0,0.0,0.0,0.0,0.0,0.0,306.0,150523.0,0.0,0.0,0.0,0.0,0.0,0.0,0.0,40.0,0.0,0.0,0.0,0.0,Ileum,D42I
D42E06J,0.0,0.0,26.0,0.0,772.0,0.0,0.0,0.0,0.0,0.0,0.0,165.0,365029.0,0.0,0.0,0.0,0.0,0.0,0.0,0.0,85.0,0.0,2.0,0.0,0.0,Jejunum,D42J
D42E07C,0.0,0.0,146.0,0.0,29192.0,0.0,83.0,0.0,0.0,0.0,0.0,4914.0,111231.0,0.0,0.0,27.0,0.0,0.0,0.0,0.0,1780.0,0.0,67.0,7.0,0.0,Cecum,D42C
D42E07D,0.0,0.0,71.0,0.0,473.0,0.0,0.0,0.0,0.0,0.0,0.0,3154.0,118146.0,260.0,0.0,0.0,0.0,0.0,0.0,11.0,343.0,0.0,0.0,27.0,0.0,Duodenum,D42D
D42E07I,0.0,0.0,0.0,0.0,44.0,0.0,0.0,0.0,0.0,0.0,0.0,1429.0,146688.0,0.0,0.0,0.0,0.0,0.0,0.0,0.0,3.0,0.0,0.0,0.0,0.0,Ileum,D42I
D42E07J,0.0,0.0,15.0,0.0,45.0,0.0,0.0,0.0,0.0,0.0,0.0,239.0,173232.0,0.0,0.0,0.0,0.0,0.0,0.0,0.0,0.0,0.0,0.0,0.0,0.0,Jejunum,D42J
D42E08C,0.0,0.0,212.0,0.0,41085.0,0.0,597.0,0.0,0.0,0.0,0.0,2131.0,143250.0,0.0,0.0,18.0,0.0,0.0,0.0,0.0,4028.0,0.0,113.0,83.0,0.0,Cecum,D42C
D42E08D,0.0,8.0,243.0,0.0,853.0,0.0,0.0,0.0,0.0,0.0,0.0,1305.0,19329.0,658.0,0.0,0.0,53.0,0.0,0.0,11.0,1154.0,0.0,0.0,43.0,0.0,Duodenum,D42D
D42E08I,0.0,0.0,0.0,0.0,74.0,0.0,0.0,0.0,0.0,0.0,0.0,342.0,142728.0,0.0,0.0,0.0,0.0,0.0,0.0,0.0,19.0,0.0,0.0,0.0,0.0,Ileum,D42I
D42E08J,21.0,0.0,56.0,0.0,5313.0,0.0,36.0,0.0,0.0,0.0,0.0,670.0,336498.0,36.0,0.0,8.0,0.0,0.0,0.0,0.0,336.0,0.0,0.0,0.0,0.0,Jejunum,D42J
D42E09C,58.0,0.0,279.0,0.0,28127.0,0.0,745.0,0.0,0.0,0.0,0.0,2999.0,127770.0,0.0,0.0,5.0,0.0,0.0,0.0,0.0,4506.0,0.0,16.0,8617.0,0.0,Cecum,D42C
D42E09D,13.0,0.0,252.0,0.0,800.0,0.0,13.0,0.0,0.0,0.0,0.0,122219.0,30615.0,640.0,0.0,0.0,98.0,0.0,0.0,26.0,1286.0,0.0,0.0,79.0,5.0,Duodenum,D42D
D42E09I,0.0,0.0,0.0,0.0,28.0,0.0,0.0,0.0,0.0,0.0,0.0,289.0,116743.0,0.0,0.0,0.0,0.0,0.0,0.0,0.0,38.0,0.0,0.0,0.0,0.0,Ileum,D42I
D42E09J,0.0,0.0,102.0,0.0,271.0,0.0,28.0,0.0,0.0,0.0,0.0,12715.0,168445.0,0.0,0.0,0.0,0.0,0.0,0.0,0.0,255.0,0.0,0.0,662.0,0.0,Jejunum,D42J
D42E10C,0.0,0.0,129.0,0.0,44548.0,0.0,16.0,0.0,0.0,0.0,0.0,1054.0,91325.0,0.0,0.0,10.0,0.0,0.0,0.0,0.0,2432.0,0.0,3.0,4.0,0.0,Cecum,D42C
D42E10D,0.0,0.0,113.0,0.0,1151.0,0.0,0.0,0.0,0.0,0.0,0.0,72360.0,105936.0,308.0,0.0,0.0,27.0,0.0,0.0,7.0,1015.0,0.0,0.0,26.0,0.0,Duodenum,D42D
D42E10I,0.0,0.0,0.0,0.0,124.0,0.0,0.0,0.0,0.0,0.0,0.0,887.0,138260.0,0.0,0.0,0.0,0.0,0.0,0.0,0.0,13.0,0.0,0.0,0.0,0.0,Ileum,D42I
D42E10J,0.0,0.0,36.0,0.0,1760.0,0.0,6.0,0.0,0.0,0.0,0.0,543.0,337686.0,0.0,0.0,0.0,0.0,0.0,0.0,0.0,133.0,0.0,0.0,0.0,0.0,Jejunum,D42J
